nhl_scouting_rank,list_type,player_name,team,league,birthdate,position,factor_28_nhl_scouting_points,total_in_list,birth_year,player_id,match_type
1,NA_SKATERS,"MCKENNA, GAVIN",PENN STATE,BIG10,20-Dec-2007,LW,1000.0,225,2007,576982,exact
2,NA_SKATERS,"VERHOEFF, KEATON",NORTH DAKOTA,NCHC,19-Jun-2008,D,997.8,225,2008,878326,exact
3,NA_SKATERS,"CARELS, CARSON",PRINCE GEORGE,WHL,23-Jun-2008,D,995.5,225,2008,878533,exact
4,NA_SKATERS,"REID, CHASE",SAULT STE. MARIE,OHL,30-Dec-2007,D,993.3,225,2007,576955,exact
5,NA_SKATERS,"MALHOTRA, CALEB",BRANTFORD,OHL,02-Jun-2008,C,991.1,225,2008,628108,exact
6,NA_SKATERS,"RUDOLPH, DAXON",PRINCE ALBERT,WHL,06-Mar-2008,D,988.8,225,2008,628069,exact
7,NA_SKATERS,"LAWRENCE, TYNAN",BOSTON UNIVERSITY,H-EAST,03-Aug-2008,C,986.6,225,2008,617461,exact
8,NA_SKATERS,"MOROZOV, ILIA",MIAMI,NCHC,03-Aug-2008,C,984.4,225,2008,895817,exact
9,NA_SKATERS,"BELCHETZ, ETHAN",WINDSOR,OHL,30-Mar-2008,LW,982.1,225,2008,887868,exact
10,NA_SKATERS,"HURLBERT, JP",KAMLOOPS,WHL,11-Apr-2008,LW,979.9,225,2008,804140,exact
11,NA_SKATERS,"HEMMING, OSCAR",BOSTON COLLEGE,H-EAST,13-Aug-2008,LW,977.7,225,2008,927671,exact
12,NA_SKATERS,"NOVOTNY, ADAM",PETERBOROUGH,OHL,13-Nov-2007,LW,975.4,225,2007,876572,exact
13,NA_SKATERS,"LIN, RYAN",VANCOUVER,WHL,18-Apr-2008,D,973.2,225,2008,628112,exact
14,NA_SKATERS,"ROGOWSKI, BROOKS",OSHAWA,OHL,24-Jun-2008,C,971.0,225,2008,915961,exact
15,NA_SKATERS,"VILLENEUVE, XAVIER",BLAINVILLE-BOISBRIAND,QMJHL,29-Sep-2007,D,968.8,225,2007,746649,exact
16,NA_SKATERS,"KLEPOV, NIKITA",SAGINAW,OHL,27-Jun-2008,RW,966.5,225,2008,895869,exact
17,NA_SKATERS,"SHILOV, EGOR",VICTORIAVILLE,QMJHL,30-Apr-2008,C,964.3,225,2008,985433,fuzzy_95
18,NA_SKATERS,"DAGENAIS, MADDOX",QUEBEC,QMJHL,27-Mar-2008,C,962.1,225,2008,886811,exact
19,NA_SKATERS,"DI IORIO, ALESSANDRO",SARNIA,OHL,17-Mar-2008,C,959.8,225,2008,628142,exact
20,NA_SKATERS,"MACBEATH, BEN",CALGARY,WHL,04-Mar-2008,D,957.6,225,2008,628079,exact
21,NA_SKATERS,"VANECEK, JAKUB",TRI-CITY,WHL,25-Feb-2008,D,955.4,225,2008,917755,exact
22,NA_SKATERS,"CALI, RYDER",NORTH BAY,OHL,06-Sep-2008,C,953.1,225,2008,897743,exact
23,NA_SKATERS,"CULLEN, WYATT",USA U-18,NTDP - USHL,08-Sep-2008,LW,950.9,225,2008,863799,exact
24,NA_SKATERS,"PRESTON, MATHIS",VANCOUVER,WHL,21-Jul-2008,RW,948.7,225,2008,628115,exact
25,NA_SKATERS,"VANDENBERG, THOMAS",OTTAWA,OHL,08-Sep-2008,C,946.4,225,2008,876707,exact
26,NA_SKATERS,"RUCK, LIAM",MEDICINE HAT,WHL,21-Feb-2008,RW,944.2,225,2008,628116,exact
27,NA_SKATERS,"ROOBROECK, RYAN",NIAGARA,OHL,25-Sep-2007,LW,942.0,225,2007,577185,exact
28,NA_SKATERS,"NYCZ, LANDON",UMASS,H-EAST,04-Oct-2007,D,939.7,225,2007,822279,exact
29,NA_SKATERS,"MORRISON, CHARLIE",QUEBEC,QMJHL,12-Oct-2007,D,937.5,225,2007,745779,exact
30,NA_SKATERS,"MUTRYN, CASEY",USA U-18,NTDP - USHL,05-Jul-2008,RW,935.3,225,2008,893597,exact
31,NA_SKATERS,"RUCK, MARKUS",MEDICINE HAT,WHL,21-Feb-2008,C,933.0,225,2008,628113,exact
32,NA_SKATERS,"HARRINGTON, CHASE",SPOKANE,WHL,30-Oct-2007,LW,930.8,225,2007,804748,exact
33,NA_SKATERS,"HEXTALL, JACK",YOUNGSTOWN,USHL,23-Mar-2008,C,928.6,225,2008,914118,exact
34,NA_SKATERS,"LISKE, BREK",EVERETT,WHL,09-Jan-2008,D,926.3,225,2008,577135,exact
35,NA_SKATERS,"BLEYL, TOMMY",MONCTON,QMJHL,01-Dec-2007,D,924.1,225,2007,577026,exact
36,NA_SKATERS,"PLANTE, VICTOR",USA U-18,NTDP - USHL,10-Mar-2008,LW,921.9,225,2008,629357,exact
37,NA_SKATERS,"SCHAIRER, LUKE",USA U-18,NTDP - USHL,30-Jan-2008,D,919.6,225,2008,912153,exact
38,NA_SKATERS,"BILECKI, ALEXANDER",KITCHENER,OHL,09-May-2008,D,917.4,225,2008,897430,exact
39,NA_SKATERS,"BARABANOV, EGOR",SAGINAW,OHL,16-May-2006,C,915.2,225,2006,1058309,fuzzy_88
40,NA_SKATERS,"DRAVECKY, VLADIMIR",BRANTFORD,OHL,19-Dec-2007,D,912.9,225,2007,899355,fuzzy_88
41,NA_SKATERS,"FITZGERALD, COLIN",SAULT STE. MARIE,OHL,01-Apr-2008,C,910.7,225,2008,628141,exact
42,NA_SKATERS,"WILLIAMS, COOPER",SASKATOON,WHL,18-Feb-2008,C,908.5,225,2008,884684,exact
43,NA_SKATERS,"OLSEN, ZACH",SASKATOON,WHL,16-Mar-2008,RW,906.2,225,2008,628073,fuzzy_94
44,NA_SKATERS,"MBUYI, PIERCE",OWEN SOUND,OHL,17-Apr-2008,LW,904.0,225,2008,916542,exact
45,NA_SKATERS,"COVER, JAXON",LONDON,OHL,13-Feb-2008,RW,901.8,225,2008,981320,exact
46,NA_SKATERS,"EDWARDS, BECKHAM",SARNIA,OHL,06-Jan-2008,C,899.6,225,2008,628089,exact
47,NA_SKATERS,"ZURAWSKI, COLE",OWEN SOUND,OHL,06-Feb-2008,RW,897.3,225,2008,628087,exact
48,NA_SKATERS,"HAFELE, LANDON",GREEN BAY,USHL,18-Sep-2007,C,895.1,225,2007,747970,exact
49,NA_SKATERS,"BERZKALNS, RUDOLFS",MUSKEGON,USHL,03-Mar-2008,C,892.9,225,2008,941638,exact
50,NA_SKATERS,"WASSILYN, BRAIDY",LONDON,OHL,28-May-2008,LW,890.6,225,2008,916546,exact
51,NA_SKATERS,"ROYSTON, WESLEY",OWEN SOUND,OHL,22-Nov-2007,RW,888.4,225,2007,814956,exact
52,NA_SKATERS,"GUSTAFSON, JAKE",PORTLAND,WHL,03-Apr-2008,C,886.2,225,2008,888345,exact
53,NA_SKATERS,"RUNTSO, TIMOFEI",VICTORIA,WHL,06-Jul-2007,D,883.9,225,2007,845626,exact
54,NA_SKATERS,"STEVENS, CARTER",GUELPH,OHL,11-Jan-2008,RW,881.7,225,2008,876675,exact
55,NA_SKATERS,"KOSICK, NOAH",SEATTLE,WHL,18-Aug-2008,C,879.5,225,2008,825443,exact
56,NA_SKATERS,"ZIELINSKI, BLAKE",DES MOINES,USHL,05-Mar-2008,C,877.2,225,2008,783135,exact
57,NA_SKATERS,"BEUKER, DAYNE",USA U-18,NTDP - USHL,23-Mar-2008,C,875.0,225,2008,628121,exact
58,NA_SKATERS,"PANTELAS, GIORGOS",BRANDON,WHL,24-Apr-2008,D,872.8,225,2008,619705,exact
59,NA_SKATERS,"CROSKERY, CALLUM",SAULT STE. MARIE,OHL,29-Jan-2008,D,870.5,225,2008,628088,exact
60,NA_SKATERS,"KUEHNE, LINCOLN",ARIZONA STATE,NCHC,28-Nov-2007,D,868.3,225,2007,863700,exact
61,NA_SKATERS,"STEINER, LARS",ROUYN-NORANDA,QMJHL,12-Nov-2007,RW,866.1,225,2007,889131,exact
62,NA_SKATERS,"GALLACHER, LAYNE",GUELPH,OHL,16-Feb-2008,C,863.8,225,2008,890507,exact
63,NA_SKATERS,"SPARKS, TYUS",SPOKANE,WHL,04-Jan-2008,C,861.6,225,2008,628104,exact
64,NA_SKATERS,"LEMIRE, KAYDEN",PRINCE GEORGE,WHL,27-Jan-2008,RW,859.4,225,2008,878316,exact
65,NA_SKATERS,"KEMPS, JONAS",CHICAGO,USHL,16-Jan-2008,D,857.1,225,2008,888525,exact
66,NA_SKATERS,"DOYLE, EDDY",HALIFAX,QMJHL,08-Nov-2007,D,854.9,225,2007,806442,exact
67,NA_SKATERS,"HEGER, KYLE",LETHBRIDGE,WHL,21-Sep-2007,D,852.7,225,2007,855986,exact
68,NA_SKATERS,"KULEBIAKIN, OLEG",HALIFAX,QMJHL,11-Jan-2008,RW,850.4,225,2008,896020,fuzzy_93
69,NA_SKATERS,"BERCHILD, MICHAEL",USA U-18,NTDP - USHL,16-Feb-2008,LW,848.2,225,2008,903853,fuzzy_85
70,NA_SKATERS,"LEFEBVRE, LIAM",CHICOUTIMI,QMJHL,15-May-2007,C,846.0,225,2007,819472,exact
71,NA_SKATERS,"MURNIEKS, OLIVERS",SAINT JOHN,QMJHL,31-Jul-2008,C,843.8,225,2008,876997,exact
72,NA_SKATERS,"LANSARD, ZACHARY",REGINA,WHL,29-Jul-2008,RW,841.5,225,2008,628065,fuzzy_88
73,NA_SKATERS,"DUGUAY, JORDAN",PORTLAND,WHL,16-Feb-2008,LW,839.3,225,2008,879183,exact
74,NA_SKATERS,"MACKENZIE, ETHAN",EDMONTON,WHL,02-Sep-2006,D,837.1,225,2006,803912,fuzzy_89
75,NA_SKATERS,"HAMILTON, BECKETT",RED DEER,WHL,28-Mar-2008,C,834.8,225,2008,883527,exact
76,NA_SKATERS,"VANHANEN, MATIAS",EVERETT,WHL,11-Sep-2007,LW,832.6,225,2007,865769,exact
77,NA_SKATERS,"KURTZ, JAYDEN",ROGERS,HIGH-MN,30-Dec-2007,D,830.4,225,2007,577149,exact
78,NA_SKATERS,"STUART, LOGAN",USA U-18,NTDP - USHL,23-Apr-2008,C,828.1,225,2008,617642,exact
79,NA_SKATERS,"KLIMPKE, BRAYDEN",SASKATOON,WHL,08-Oct-2007,D,825.9,225,2007,795984,exact
80,NA_SKATERS,"FRANCISCO, AJ",USA U-18,NTDP - USHL,10-Jan-2008,D,823.7,225,2008,629358,exact
81,NA_SKATERS,"TOURNAS, NIKO",MONCTON,QMJHL,17-Feb-2006,RW,821.4,225,2006,1163884,fuzzy_85
82,NA_SKATERS,"AMBROSIO, LUCAS",ERIE,OHL,06-Jan-2008,D,819.2,225,2008,897478,exact
83,NA_SKATERS,"TROTTIER, PARKER",USA U-18,NTDP - USHL,13-Feb-2008,LW,817.0,225,2008,884281,exact
84,NA_SKATERS,"O'DONNELL, AIDEN",OSHAWA,OHL,03-Jan-2008,LW,814.7,225,2008,876318,exact
85,NA_SKATERS,"AMRHEIN, LANDON",CALGARY,WHL,06-Apr-2008,LW,812.5,225,2008,830383,exact
86,NA_SKATERS,"ERICKSON, JOSEPH",BLAKE,HIGH-MN,21-Apr-2008,C,810.3,225,2008,866523,fuzzy_88
87,NA_SKATERS,"AMIDOVSKI, NATHAN",BRAMPTON,OHL,06-Apr-2008,LW,808.0,225,2008,942118,exact
88,NA_SKATERS,"SIVERTSON, JONAH",PRINCE ALBERT,WHL,27-Aug-2008,RW,805.8,225,2008,883678,exact
89,NA_SKATERS,"LEVAC, ADAM",PETERBOROUGH,OHL,27-Jun-2008,C,803.6,225,2008,876731,exact
90,NA_SKATERS,"CHUDZINSKI, RIAN",MONCTON,QMJHL,30-Dec-2007,RW,801.3,225,2007,893554,exact
91,NA_SKATERS,"MCLAUGHLIN, WILL",PORTLAND,WHL,10-Mar-2008,D,799.1,225,2008,628070,exact
92,NA_SKATERS,"TAILLEFER, ALEXANDRE",QUEBEC,QMJHL,01-Jan-2008,D,796.9,225,2008,747957,exact
93,NA_SKATERS,"KUHTA, JASPER",OTTAWA,OHL,28-Oct-2006,C,794.6,225,2006,883362,fuzzy_85
94,NA_SKATERS,"TA'AMU, ALOFA TUNOA",EDMONTON,WHL,28-May-2008,D,792.4,225,2008,746977,fuzzy_90
95,NA_SKATERS,"CHARTRAND, CAMERON",SAINT JOHN,QMJHL,03-Mar-2008,D,790.2,225,2008,877117,exact
96,NA_SKATERS,"DEAN, DYLAN",EDMONTON,WHL,14-May-2008,C,787.9,225,2008,629356,exact
97,NA_SKATERS,"ROUSSEAU, THOMAS",SHERBROOKE,QMJHL,12-Feb-2008,C,785.7,225,2008,619714,exact
99,NA_SKATERS,"BRYZGALOV, YAROSLAV",MEDICINE HAT,WHL,23-Mar-2007,LW,781.2,225,2007,620138,exact
100,NA_SKATERS,"DINGMAN, SAWYER",SWIFT CURRENT,WHL,11-Sep-2008,LW,779.0,225,2008,879184,exact
101,NA_SKATERS,"JOUDREY, CAELAN",WENATCHEE,WHL,17-Jan-2008,C,776.8,225,2008,880389,exact
102,NA_SKATERS,"OVCHAROV, NIKITA",QUEBEC,QMJHL,17-Feb-2008,LW,774.6,225,2008,895819,exact
103,NA_SKATERS,"LAYLIN, BODE",TRI-CITY,USHL,17-Nov-2007,D,772.3,225,2007,796876,exact
104,NA_SKATERS,"BROSNAN, MYLES",DEXTER SCHOOL,HIGH-MA,19-Oct-2007,D,770.1,225,2007,750559,exact
105,NA_SKATERS,"RUML, ONDREJ",OTTAWA,OHL,25-Mar-2008,D,767.9,225,2008,917727,exact
106,NA_SKATERS,"BOGAS, NICHOLAS",USA U-18,NTDP - USHL,23-Jul-2008,D,765.6,225,2008,1151622,fuzzy_85
107,NA_SKATERS,"RHEAUME-MULLEN, DAKODA",MICHIGAN,BIG10,18-Dec-2006,D,763.4,225,2006,1237569,fuzzy_85
108,NA_SKATERS,"VLASOV, ALEKSEI",VICTORIAVILLE,QMJHL,02-Feb-2008,LW,761.2,225,2008,896017,fuzzy_88
109,NA_SKATERS,"VALENTINI, ADAM",MICHIGAN,BIG10,11-Apr-2008,C,758.9,225,2008,628138,exact
110,NA_SKATERS,"PEPOY, BRODY",SAGINAW,OHL,16-May-2008,RW,756.7,225,2008,914141,exact
111,NA_SKATERS,"MCFADDEN, BRIAN",THAYER ACADEMY,HIGH-MA,02-Jan-2008,D,754.5,225,2008,1011188,exact
112,NA_SKATERS,"XU, JACOB",LONDON,OHL,13-Mar-2008,D,752.2,225,2008,577188,exact
113,NA_SKATERS,"DUMONT, DYLAN",DRUMMONDVILLE,QMJHL,19-Aug-2008,RW,750.0,225,2008,702284,exact
114,NA_SKATERS,"MANCHUSO, WILLIAM",ST. MARK'S SCHOOL,HIGH-MA,09-Jan-2008,C,747.8,225,2008,1050343,exact
115,NA_SKATERS,"TUMINARO, COLE",CHICAGO,USHL,24-Jan-2007,D,745.5,225,2007,785530,exact
116,NA_SKATERS,"COSSETTE AYOTTE, BENJAMIN",VAL-D'OR,QMJHL,03-Jan-2008,D,743.3,225,2008,870116,fuzzy_95
117,NA_SKATERS,"KOSTOV, ALEX",FLINT,OHL,03-Jun-2006,RW,741.1,225,2006,1105625,fuzzy_85
118,NA_SKATERS,"MARTHALER, JACKSON",USA U-18,NTDP - USHL,10-Feb-2008,D,738.8,225,2008,889475,exact
119,NA_SKATERS,"BURICK, SEAN",PENTICTON,WHL,09-Jan-2008,D,736.6,225,2008,617646,exact
120,NA_SKATERS,"ZAJIC, LUKAS",USA U-18,NTDP - USHL,19-Jan-2008,RW,734.4,225,2008,617482,fuzzy_90
121,NA_SKATERS,"RIEBER, JAMES",WATERLOO,USHL,25-Apr-2008,D,732.1,225,2008,903826,fuzzy_85
122,NA_SKATERS,"LITALIEN, ROMAIN",CAPE BRETON,QMJHL,07-Apr-2008,RW,729.9,225,2008,874832,exact
123,NA_SKATERS,"BOURQUE, LOUIS FELIX",DRUMMONDVILLE,QMJHL,15-Jul-2008,RW,727.7,225,2008,619710,fuzzy_94
124,NA_SKATERS,"IGINLA, JOE",VANCOUVER,WHL,13-Aug-2008,RW,725.4,225,2008,875968,exact
125,NA_SKATERS,"BIDGOOD, COHEN",LONDON,OHL,11-Jan-2007,RW,723.2,225,2007,752678,exact
126,NA_SKATERS,"O'NEILL, ANDREW",EDMONTON,WHL,07-Feb-2007,C,721.0,225,2007,804131,exact
127,NA_SKATERS,"ARNETT, ELLIOT",OWEN SOUND,OHL,12-Mar-2008,D,718.8,225,2008,897523,exact
128,NA_SKATERS,"KAMAS, JIRI",RED DEER,WHL,04-Mar-2008,D,716.5,225,2008,969014,fuzzy_85
129,NA_SKATERS,"VOIAGA, NIKITA",CHARLOTTETOWN,QMJHL,16-Oct-2007,D,714.3,225,2007,689984,fuzzy_92
130,NA_SKATERS,"REISNECKER, BEN",NIAGARA,OHL,21-Feb-2008,D,712.1,225,2008,917829,exact
131,NA_SKATERS,"MYLOSERDNYY, MICHEL",GATINEAU,QMJHL,15-Feb-2008,D,709.8,225,2008,888967,exact
132,NA_SKATERS,"SOKOLOVSKII, MAKSIM",LONDON,OHL,12-Jul-2008,D,707.6,225,2008,976406,fuzzy_85
133,NA_SKATERS,"DONIA, KAIDEN",GROTON,HIGH-MA,16-Jan-2008,D,705.4,225,2008,617457,exact
134,NA_SKATERS,"MONDOUX, ANDRE",KINGSTON,OHL,16-Mar-2007,D,703.1,225,2007,1015180,exact
135,NA_SKATERS,"MURNANE, BRADY",OSHAWA,OHL,23-Apr-2008,D,700.9,225,2008,1004154,exact
136,NA_SKATERS,"DAIGNEAULT, JEAN-SAMUEL",MUSKEGON,USHL,15-Feb-2008,D,698.7,225,2008,872873,exact
137,NA_SKATERS,"OLSON, BRETT",VANCOUVER,WHL,24-Feb-2008,C,696.4,225,2008,628074,exact
138,NA_SKATERS,"GILLESPIE, BRODY",SPOKANE,WHL,16-Feb-2008,C,694.2,225,2008,881399,exact
139,NA_SKATERS,"KRIZIZKE, LINCOLN",DUBUQUE,USHL,08-Apr-2008,D,692.0,225,2008,617475,exact
140,NA_SKATERS,"LEGOSTAEV, PETER",GATINEAU,QMJHL,02-Oct-2007,RW,689.7,225,2007,876190,exact
141,NA_SKATERS,"VAUGHAN, PARKER",NORTH BAY,OHL,06-Mar-2008,RW,687.5,225,2008,897708,exact
142,NA_SKATERS,"KLASSEN, COHEN",REGINA,WHL,08-Sep-2008,C,685.3,225,2008,880384,exact
143,NA_SKATERS,"KELLY, BENETT",PRINCE ALBERT,WHL,04-Feb-2008,D,683.0,225,2008,879768,fuzzy_96
144,NA_SKATERS,"SINGH, RYLAN",GUELPH,OHL,04-Oct-2007,D,680.8,225,2007,577218,exact
145,NA_SKATERS,"HOULE, FLORENT",SHERBROOKE,QMJHL,04-Aug-2007,RW,678.6,225,2007,763056,exact
146,NA_SKATERS,"PITTSLEY, CALEB",MADISON,USHL,16-Nov-2007,C,676.3,225,2007,847773,exact
147,NA_SKATERS,"WALTERS, DANIEL",HALIFAX,QMJHL,28-Mar-2008,C,674.1,225,2008,876330,exact
148,NA_SKATERS,"YAKUTSENAK, DMITRI",PRINCE GEORGE,WHL,12-Mar-2007,C,671.9,225,2007,836560,exact
149,NA_SKATERS,"DEGRAFF, OWEN",WATERLOO,USHL,13-Jan-2008,RW,669.6,225,2008,968380,exact
150,NA_SKATERS,"WATHIER, SAM",USA U-18,NTDP - USHL,17-May-2008,D,667.4,225,2008,876134,exact
151,NA_SKATERS,"FROSSARD, ERIC",GUELPH,OHL,12-Jan-2008,D,665.2,225,2008,897392,exact
152,NA_SKATERS,"PANGRETITSCH, HARRIS",SAULT STE. MARIE,OHL,29-Mar-2008,D,662.9,225,2008,976483,exact
153,NA_SKATERS,"FORTIN, ALEXIS",VAL-D'OR,QMJHL,04-Oct-2007,D,660.7,225,2007,772967,exact
154,NA_SKATERS,"TOMIK, TOBIAS",VANCOUVER,WHL,18-Dec-2007,LW,658.5,225,2007,873403,exact
155,NA_SKATERS,"JARDINE, EVAN",YOUNGSTOWN,USHL,23-Oct-2007,LW,656.2,225,2007,576958,exact
156,NA_SKATERS,"FEELEY, COLIN",OSHAWA,OHL,07-Mar-2008,D,654.0,225,2008,961410,exact
157,NA_SKATERS,"LASCHON, LEO",OSHAWA,OHL,19-Mar-2008,D,651.8,225,2008,862024,exact
158,NA_SKATERS,"ROLSING, DARIAN",WENATCHEE,WHL,14-Feb-2008,D,649.6,225,2008,810648,exact
159,NA_SKATERS,"BOYCHUK, RILEY",PRINCE ALBERT,WHL,31-Jan-2008,C,647.3,225,2008,880390,exact
160,NA_SKATERS,"SALANDRA, JOSEPH",BARRIE,OHL,15-Feb-2008,RW,645.1,225,2008,617407,exact
161,NA_SKATERS,"ROZZI, DYLAN",SAINT JOHN,QMJHL,08-Mar-2008,LW,642.9,225,2008,760882,exact
162,NA_SKATERS,"KOLARIK, LEON",PETERBOROUGH,OHL,23-Sep-2007,LW,640.6,225,2007,745961,exact
163,NA_SKATERS,"YARED, WILLIAM",SAINT JOHN,QMJHL,21-Jan-2008,C,638.4,225,2008,760881,exact
164,NA_SKATERS,"VARGA, KALDER",RED DEER,WHL,24-Jun-2008,RW,636.2,225,2008,914114,exact
165,NA_SKATERS,"WILMOTT, BENJAMIN",BARRIE,OHL,30-Aug-2006,C,633.9,225,2006,805952,fuzzy_87
166,NA_SKATERS,"SOUCH, BROCK",PRINCE GEORGE,WHL,11-Oct-2006,LW,631.7,225,2006,948259,fuzzy_85
167,NA_SKATERS,"BROWN, REED",PORTLAND,WHL,22-Feb-2008,C,629.5,225,2008,898661,exact
168,NA_SKATERS,"SAWCHYN, LUKAS",EDMONTON,WHL,27-Feb-2007,C,627.2,225,2007,785511,exact
169,NA_SKATERS,"BAUMULLER, JOBY",BRANDON,WHL,20-Jul-2007,RW,625.0,225,2007,820042,exact
170,NA_SKATERS,"KINGWELL, SHAAN",OTTAWA,OHL,07-Feb-2007,LW,622.8,225,2007,876172,exact
171,NA_SKATERS,"LANGLOIS, TRISTAN",ROUYN-NORANDA,QMJHL,14-Jul-2007,D,620.5,225,2007,755216,exact
172,NA_SKATERS,"STANKOVEN, MATEJ",BRAMPTON,OHL,28-Feb-2008,C,618.3,225,2008,937120,exact
173,NA_SKATERS,"RICARD, EMILE",CHICOUTIMI,QMJHL,18-Nov-2007,LW,616.1,225,2007,825913,fuzzy_91
174,NA_SKATERS,"KORNEYEV, KORNEY",VICTORIAVILLE,QMJHL,16-Oct-2007,LW,613.8,225,2007,1051652,fuzzy_93
175,NA_SKATERS,"SARKENOV, ALISHER",PRINCE ALBERT,WHL,15-Dec-2007,RW,611.6,225,2007,1014823,exact
176,NA_SKATERS,"MARTINU, PAVEL",SIOUX CITY,USHL,20-Dec-2007,C,609.4,225,2007,950149,exact
177,NA_SKATERS,"LESIUK, GAVIN",LETHBRIDGE,WHL,14-Jan-2008,LW,607.1,225,2008,628114,exact
178,NA_SKATERS,"HARVEY, CADEN",WINDSOR,OHL,13-Feb-2008,C,604.9,225,2008,617422,exact
179,NA_SKATERS,"WOOD, CODY",LONDON,GOHL,13-Jun-2008,D,602.7,225,2008,978862,exact
180,NA_SKATERS,"MAN, MATYAS",PRINCE ALBERT,WHL,31-May-2006,D,600.4,225,2006,985323,fuzzy_90
181,NA_SKATERS,"MAGNUSSON, CARL-OTTO",SAINT JOHN,QMJHL,11-Jan-2006,D,598.2,225,2006,881207,fuzzy_85
182,NA_SKATERS,"BOSCO, DAVID",CEDAR RAPIDS,USHL,08-Feb-2008,RW,596.0,225,2008,936993,exact
183,NA_SKATERS,"SOLLER, COOPER",SIOUX FALLS,USHL,11-Aug-2008,C,593.8,225,2008,617640,exact
184,NA_SKATERS,"LEMIEUX, JEAN-CRISTOPH",SUDBURY,OHL,19-Jun-2008,LW,591.5,225,2008,890529,exact
185,NA_SKATERS,"SHYBINSKYI, ILLIA",GUELPH,OHL,14-May-2007,LW,589.3,225,2007,1047567,exact
186,NA_SKATERS,"CYR, SIMON-XAVIER",GATINEAU,QMJHL,11-Mar-2008,C,587.1,225,2008,886092,exact
187,NA_SKATERS,"MCLEAN, ALEX",KINGSTON,OHL,08-Aug-2008,C,584.8,225,2008,1222727,exact
188,NA_SKATERS,"STEEN, RILEY",MEDICINE HAT,WHL,07-Sep-2008,D,582.6,225,2008,825455,exact
189,NA_SKATERS,"ALLEN, DRYDEN",FLINT,OHL,09-Aug-2007,D,580.4,225,2007,577174,exact
190,NA_SKATERS,"ALLARD, CAMERON",BRANDON,WHL,11-Jan-2008,D,578.1,225,2008,883541,exact
191,NA_SKATERS,"HENDERSON, ROWAN",SUDBURY,OHL,10-Dec-2007,LW,575.9,225,2007,881032,exact
192,NA_SKATERS,"CAHILL, PHOENIX",PRINCE GEORGE,WHL,07-Jul-2008,D,573.7,225,2008,862399,exact
193,NA_SKATERS,"YOUNG, AIDEN",PETERBOROUGH,OHL,18-Apr-2007,LW,571.4,225,2007,881073,exact
194,NA_SKATERS,"KARMANOV, ALEXANDER",NORTH BAY,OHL,22-Mar-2008,D,569.2,225,2008,1077286,exact
195,NA_SKATERS,"DILLARD, CAMERON",RED DEER,WHL,15-May-2008,D,567.0,225,2008,830374,exact
196,NA_SKATERS,"KWAJAH, JET",MADISON,USHL,13-Mar-2008,D,564.7,225,2008,628097,exact
197,NA_SKATERS,"BROWN, JULIAN",OWEN SOUND,OHL,10-Apr-2006,D,562.5,225,2006,956124,fuzzy_85
198,NA_SKATERS,"ANISIMOV, ARSENII",PRINCE GEORGE,WHL,25-Nov-2007,D,560.3,225,2007,1071112,fuzzy_96
199,NA_SKATERS,"MOLGACHEV, ANDREI",CALGARY,WHL,01-Mar-2008,C,558.0,225,2008,896025,fuzzy_90
200,NA_SKATERS,"STEWART, NOLAN",VICTORIA,WHL,12-Jan-2008,RW,555.8,225,2008,881357,exact
201,NA_SKATERS,"PUGLISI, CHARLIE",WINCHENDON,HIGH-MA,16-Apr-2008,C,553.6,225,2008,617416,exact
202,NA_SKATERS,"DENNIS, COOPER",BRANTFORD,OHL,07-May-2007,RW,551.3,225,2007,577029,exact
203,NA_SKATERS,"HANDSOR, JUSTIN",BARRIE,OHL,24-Sep-2007,D,549.1,225,2007,750967,exact
204,NA_SKATERS,"DAMPHOUSSE, BO",SAINT JOHN,QMJHL,21-Oct-2007,D,546.9,225,2007,744834,exact
205,NA_SKATERS,"KULTGEN, JACK",GREEN BAY,USHL,11-Oct-2007,D,544.6,225,2007,855974,exact
206,NA_SKATERS,"THEODORE, ALEX",PHILLIPS ANDOVER ACADEMY,HIGH-MA,21-May-2008,LW,542.4,225,2008,937103,exact
207,NA_SKATERS,"TORR, JACK",FARGO,USHL,29-Jul-2008,C,540.2,225,2008,763039,exact
208,NA_SKATERS,"KAMZIK, KASE",ERIE,OHL,15-Apr-2008,LW,537.9,225,2008,862022,exact
209,NA_SKATERS,"PAVAO, CRUZ",TRI-CITY,WHL,24-Aug-2008,RW,535.7,225,2008,879129,exact
210,NA_SKATERS,"KURYACHENKOV, STEPAN",SWIFT CURRENT,WHL,16-Jul-2008,C,533.5,225,2008,983973,exact
211,NA_SKATERS,"KUZMA, CAMERON",RED DEER,WHL,17-Jul-2008,C,531.2,225,2008,891524,exact
212,NA_SKATERS,"CAREY, RYDER",NORTH BAY,OHL,02-Aug-2008,C,529.0,225,2008,887869,exact
213,NA_SKATERS,"STURGIS, ETHAN",MINNETONKA,HIGH-MN,03-Feb-2008,RW,526.8,225,2008,882603,exact
214,NA_SKATERS,"PRONIN, ARSENY",NORTH BAY,OHL,16-May-2007,RW,524.6,225,2007,836567,fuzzy_92
215,NA_SKATERS,"MCCANN, KADON",MEDICINE HAT,WHL,25-Mar-2007,C,522.3,225,2007,799967,exact
216,NA_SKATERS,"RUDOLPH, BRENDAN",SWIFT CURRENT,WHL,08-Mar-2008,LW,520.1,225,2008,879131,exact
217,NA_SKATERS,"WOODALL, CARSON",WINDSOR,OHL,25-May-2006,D,517.9,225,2006,1188334,fuzzy_85
218,NA_SKATERS,"NELSON, NICKLAS",MONTICELLO,HIGH-MN,11-Aug-2008,D,515.6,225,2008,875538,exact
219,NA_SKATERS,"LOHSE, HUDSON",DUBUQUE,USHL,14-Jun-2008,D,513.4,225,2008,899105,exact
220,NA_SKATERS,"MALONEY, NATHAN",LETHBRIDGE,WHL,16-Sep-2006,D,511.2,225,2006,973318,fuzzy_88
221,NA_SKATERS,"SYKORA, NICHOLAS",OWEN SOUND,OHL,24-May-2007,LW,508.9,225,2007,737985,fuzzy_96
222,NA_SKATERS,"CELSKI, NATHANIEL",MUSKEGON,USHL,10-Mar-2008,D,506.7,225,2008,947964,exact
223,NA_SKATERS,"PUCHNER, LUKE",SHATTUCK - ST.MARY'S PREP,HIGH-MN,02-Jan-2008,C,504.5,225,2008,863808,exact
224,NA_SKATERS,"HODGSON, KAM",CULVER ACADEMY,HIGH-IN,02-Apr-2008,RW,502.2,225,2008,1080743,fuzzy_85
225,NA_SKATERS,"SAUER, KENT",ANDOVER,HIGH-MN,24-Oct-2007,C,500.0,225,2007,1079832,fuzzy_80
1,NA_GOALIES,"KNOWLING, BRADY",USA U-18,NTDP - USHL,09-Mar-2008,G,1000.0,37,2008,987192,exact
2,NA_GOALIES,"ORSULAK, MICHAL",PRINCE ALBERT,WHL,26-Aug-2007,G,986.1,37,2007,878267,exact
3,NA_GOALIES,"TREJBAL, TOBIAS",YOUNGSTOWN,USHL,09-Nov-2007,G,972.2,37,2007,918048,exact
4,NA_GOALIES,"LARYS, JAN",DRUMMONDVILLE,QMJHL,14-Feb-2008,G,958.3,37,2008,961453,exact
5,NA_GOALIES,"TVRZNIK, TOBIAS",WENATCHEE,WHL,29-Jul-2007,G,944.4,37,2007,690451,exact
6,NA_GOALIES,"LACELLE, WILLIAM",BLAINVILLE-BOISBRIAND,QMJHL,26-Dec-2007,G,930.6,37,2007,760875,exact
7,NA_GOALIES,"BOETTIGER, HARRISON",KELOWNA,WHL,11-Dec-2007,G,916.7,37,2007,752399,exact
8,NA_GOALIES,"SKLENICKA, MAREK",SEATTLE,WHL,27-Aug-2008,G,902.8,37,2008,918049,exact
9,NA_GOALIES,"SHAIIKOV, DANAI",GATINEAU,QMJHL,13-Apr-2007,G,888.9,37,2007,896458,exact
10,NA_GOALIES,"JOVANOVSKI, ZACHARY",GUELPH,OHL,07-Oct-2007,G,875.0,37,2007,881931,exact
11,NA_GOALIES,"MINCHAK, MATTHEW",KINGSTON,OHL,23-May-2007,G,861.1,37,2007,751459,exact
12,NA_GOALIES,"CASEY, CARTER",MEDICINE HAT,WHL,03-Dec-2007,G,847.2,37,2007,856651,exact
13,NA_GOALIES,"RUZICKA, FILIP",BRANDON,WHL,24-Mar-2008,G,833.3,37,2008,982428,exact
14,NA_GOALIES,"YERMOLENKO, VLADISLAV",NIAGARA,OHL,16-Dec-2007,G,819.4,37,2007,995643,exact
15,NA_GOALIES,"WENDT, XAVIER",TRI-CITY,WHL,24-Jan-2008,G,805.6,37,2008,866524,exact
16,NA_GOALIES,"FETTEROLF, RYDER",OTTAWA,OHL,05-Jan-2008,G,791.7,37,2008,617434,exact
17,NA_GOALIES,"SHURYGIN, STEPAN",SAGINAW,OHL,26-Aug-2007,G,777.8,37,2007,1026865,exact
18,NA_GOALIES,"KITCHENER, DAYTON",RIMOUSKI,QMJHL,02-Oct-2007,G,763.9,37,2007,1039717,exact
19,NA_GOALIES,"HREBIK, BEN",BARRIE,OHL,04-Apr-2006,G,750.0,37,2006,805212,fuzzy_85
20,NA_GOALIES,"GILLHAM-CIRKA, NICOLAS",HALIFAX,QMJHL,24-Mar-2008,G,736.1,37,2008,915586,fuzzy_85
21,NA_GOALIES,"SNELL, PARKER",EDMONTON,WHL,21-Apr-2008,G,722.2,37,2008,879195,exact
22,NA_GOALIES,"STEBETAK, ONDREJ",PORTLAND,WHL,19-Jul-2007,G,708.3,37,2007,892136,exact
23,NA_GOALIES,"JASWAL, ARVIN",BARRIE,OHL,29-Mar-2008,G,694.4,37,2008,897792,exact
24,NA_GOALIES,"COROVIC, MAKSIM",COLLINGWOOD,OJHL,20-May-2008,G,680.6,37,2008,888129,fuzzy_92
25,NA_GOALIES,"CARRITHERS, LUKE",USA U-18,NTDP - USHL,11-Jan-2008,G,666.7,37,2008,863813,exact
26,NA_GOALIES,"BETTS, GAVIN",KINGSTON,OHL,03-Apr-2008,G,652.8,37,2008,890461,exact
27,NA_GOALIES,"COURCHESNE, RAFAEL",SAINT JOHN,QMJHL,21-Aug-2008,G,638.9,37,2008,747942,exact
28,NA_GOALIES,"LENNON, ELLIOT",DEERFIELD,HIGH-MA,05-Mar-2008,G,625.0,37,2008,617451,exact
29,NA_GOALIES,"SCHAUBEL, JASON",KITCHENER,OHL,30-Aug-2008,G,611.1,37,2008,947639,exact
30,NA_GOALIES,"RAYMOND, ALEXANDRE",ROUYN-NORANDA,QMJHL,13-Nov-2007,G,597.2,37,2007,694743,exact
31,NA_GOALIES,"CATANZARITI, ANTHONY",VICTORIAVILLE,QMJHL,23-Jan-2008,G,583.3,37,2008,877178,exact
32,NA_GOALIES,"NEWLOVE, MICHAEL",WINDSOR,OHL,14-Jan-2007,G,569.4,37,2007,888217,exact
33,NA_GOALIES,"KEANE, WILL",MUSKEGON,USHL,26-Sep-2007,G,555.6,37,2007,993777,exact
34,NA_GOALIES,"HUMPHRIES, MATTHEW",OSHAWA,OHL,28-Jul-2008,G,541.7,37,2008,628102,exact
35,NA_GOALIES,"NELSON, JAEDEN",OTTAWA,OHL,11-Apr-2007,G,527.8,37,2007,876200,exact
36,NA_GOALIES,"JOHNSON, NEILAN",HOTCHKISS SCHOOL,HIGH-CT,01-Aug-2008,G,513.9,37,2008,905957,exact
37,NA_GOALIES,"WEINER, JACOBY",MONCTON,QMJHL,19-Jun-2008,G,500.0,37,2008,617418,exact
1,INTL_SKATERS,"STENBERG, IVAR",FROLUNDA,SWEDEN,30-Sep-2007,LW,1000.0,128,2007,689912,exact
2,INTL_SKATERS,"SMITS, ALBERTS",JUKURIT,FINLAND,02-Dec-2007,D,996.1,128,2007,876994,exact
3,INTL_SKATERS,"SUVANTO, OLIVER",TAPPARA,FINLAND,03-Sep-2008,C,992.1,128,2008,925061,exact
4,INTL_SKATERS,"HERMANSSON, ELTON",MODO,SWEDEN-2,05-Feb-2008,RW,988.2,128,2008,859984,exact
5,INTL_SKATERS,"BJORCK, VIGGO",DJURGARDEN,SWEDEN,12-Mar-2008,C,984.3,128,2008,954359,fuzzy_91
6,INTL_SKATERS,"PIIPARINEN, JUHO",TAPPARA,FINLAND,10-Aug-2008,D,980.3,128,2008,925157,exact
7,INTL_SKATERS,"NORDMARK, MARCUS",DJURGARDEN JR.,SWEDEN-JR.,04-May-2008,LW,976.4,128,2008,937086,exact
8,INTL_SKATERS,"GUSTAFSSON, MALTE",HV71,SWEDEN,11-Jun-2008,D,972.4,128,2008,886275,exact
9,INTL_SKATERS,"HAKANSSON, WILLIAM",LULEA,SWEDEN,08-Oct-2007,D,968.5,128,2007,689901,fuzzy_94
10,INTL_SKATERS,"IGNATAVICIUS, SIMAS",GENEVE,SWISS,22-Oct-2007,RW,964.6,128,2007,794680,exact
11,INTL_SKATERS,"SHCHERBAKOV, NIKITA",UFA JR.,RUSSIA-JR.,23-Oct-2007,D,960.6,128,2007,836638,exact
12,INTL_SKATERS,"COMMAND, ALEXANDER",OREBRO JR.,SWEDEN-JR.,16-Jun-2008,C,956.7,128,2008,617634,exact
13,INTL_SKATERS,"GOLJER, ADAM",TRENCIN,SLOVAKIA,07-Jun-2008,D,952.8,128,2008,879380,exact
14,INTL_SKATERS,"VANHATALO, VILHO",TAPPARA JR.,FINLAND-JR.,18-Jan-2008,RW,948.8,128,2008,958289,exact
15,INTL_SKATERS,"PUGACHYOV, GLEB",NIZHNY NOVGOROD JR.,RUSSIA-JR.,25-Mar-2008,RW,944.9,128,2008,895866,exact
16,INTL_SKATERS,"CHRENKO, TOMAS",NITRA,SLOVAKIA,02-Nov-2007,C,940.9,128,2007,752381,exact
17,INTL_SKATERS,"KATOLICKY, SIMON",TAPPARA JR.,FINLAND-JR.,24-Jul-2008,LW,937.0,128,2008,917747,exact
18,INTL_SKATERS,"AARAM-OLSEN, NIKLAS",OREBRO JR.,SWEDEN-JR.,19-Apr-2008,LW,933.1,128,2008,886269,exact
19,INTL_SKATERS,"ALALAURI, SAMU",PELICANS JR.,FINLAND-JR.,31-May-2008,D,929.1,128,2008,959462,exact
20,INTL_SKATERS,"HOLMERTZ, OSCAR",LINKOPING JR.,SWEDEN-JR.,21-Mar-2008,C,925.2,128,2008,874176,exact
21,INTL_SKATERS,"GUDMUNDSSON, MANS",FARJESTAD JR.,SWEDEN-JR.,09-Jun-2008,D,921.3,128,2008,921852,fuzzy_93
22,INTL_SKATERS,"NOVAK, FILIP",SPARTA JR.,CZECHIA-JR.,07-Mar-2008,LW,917.3,128,2008,961306,exact
23,INTL_SKATERS,"FEDOROV, VIKTOR",TORPEDO-GORKY NN,RUSSIA-2,21-Feb-2008,C,913.4,128,2008,895867,fuzzy_89
24,INTL_SKATERS,"ELOFSSON, AXEL",OREBRO JR.,SWEDEN-JR.,03-Jun-2008,D,909.4,128,2008,876777,exact
25,INTL_SKATERS,"MATVEYEV, VSEVOLOD",SPARTAK JR.,RUSSIA-JR.,28-Dec-2007,D,905.5,128,2007,1040199,exact
26,INTL_SKATERS,"ARKKO, LUKA",PELICANS JR.,FINLAND-JR.,14-Jan-2008,LW,901.6,128,2008,959469,exact
27,INTL_SKATERS,"ERIKSSON, SAMUEL",FARJESTAD JR.,SWEDEN-JR.,20-Mar-2008,D,897.6,128,2008,806192,exact
28,INTL_SKATERS,"SHAIKHLISLAMOV, ALAN",UFA JR.,RUSSIA-JR.,04-Sep-2008,RW,893.7,128,2008,896181,exact
29,INTL_SKATERS,"NEMEC, ADAM",NITRA,SLOVAKIA,18-Oct-2007,LW,889.8,128,2007,752383,exact
30,INTL_SKATERS,"ANDERSSON, ADAM",LEKSAND JR.,SWEDEN-JR.,02-Jul-2008,C,885.8,128,2008,879786,exact
31,INTL_SKATERS,"LAGERBERG HOEN, JONAS",LEKSAND JR.,SWEDEN-JR.,24-Oct-2007,RW,881.9,128,2007,876082,exact
32,INTL_SKATERS,"PAKARINEN, NOEL",K-ESPOO JR.,FINLAND-JR.,09-Jul-2008,LW,878.0,128,2008,1003492,exact
33,INTL_SKATERS,"GASHILOV, LAVR",YEKATERINBURG JR.,RUSSIA-JR.,23-Sep-2007,C,874.0,128,2007,901382,exact
34,INTL_SKATERS,"ISAKSSON, MAX",VAXJO JR.,SWEDEN-JR.,28-Jan-2008,C,870.1,128,2008,885789,exact
35,INTL_SKATERS,"BERNAT, LUCIAN",TAPPARA JR.,FINLAND-JR.,08-Jun-2008,RW,866.1,128,2008,874079,exact
36,INTL_SKATERS,"FEDOSEYEV, YAROSLAV",CHELYABINSK JR.,RUSSIA-JR.,05-Nov-2007,D,862.2,128,2007,1031327,exact
37,INTL_SKATERS,"SAPOZHNIKOV, ALEXANDER",STUPINO JR.,RUSSIA-JR.,17-Jan-2007,D,858.3,128,2007,679565,exact
38,INTL_SKATERS,"SZONGOTH, DOMAN",KOOKOO JR.,FINLAND-JR.,08-Jun-2008,C,854.3,128,2008,960749,fuzzy_85
39,INTL_SKATERS,"ANDERSSON, LUDVIG",OREBRO JR.,SWEDEN-JR.,24-May-2008,RW,850.4,128,2008,1016810,exact
40,INTL_SKATERS,"FROLO, JAKUB",ILVES JR.,FINLAND-JR.,05-Dec-2007,C,846.5,128,2007,872540,exact
41,INTL_SKATERS,"BARTHOLDSSON, NILS",ROGLE JR.,SWEDEN-JR.,25-Apr-2008,RW,842.5,128,2008,800342,exact
42,INTL_SKATERS,"MATYEV, YAROSLAV",KHABAROVSK JR.,RUSSIA-JR.,11-Dec-2007,D,838.6,128,2007,836731,exact
43,INTL_SKATERS,"LUNDQVIST, WILLIAM",LEKSAND JR.,SWEDEN-JR.,08-Nov-2007,D,834.6,128,2007,862644,exact
44,INTL_SKATERS,"TUKIO, OSSI",ILVES JR.,FINLAND-JR.,03-Nov-2007,D,830.7,128,2007,879284,exact
45,INTL_SKATERS,"KURKA, PAVEL",KARLOVY VARY JR.,CZECHIA-JR.,14-Jun-2008,D,826.8,128,2008,975263,exact
46,INTL_SKATERS,"PALME, OLA",VAXJO JR.,SWEDEN-JR.,09-Feb-2008,D,822.8,128,2008,925620,exact
47,INTL_SKATERS,"DOLGOPOLOV, ILYA",DYNAMO ST. PETERSBURG JR.,RUSSIA-JR.,18-Oct-2007,D,818.9,128,2007,996498,exact
48,INTL_SKATERS,"LAITINEN, JIKO",ILVES JR.,FINLAND-JR.,16-Apr-2008,C,815.0,128,2008,907654,exact
49,INTL_SKATERS,"SEDLACEK, DAVID",KARLOVY VARY JR.,CZECHIA-JR.,06-Jan-2008,LW,811.0,128,2008,977034,exact
50,INTL_SKATERS,"IVANOV, ALEXANDER",BARS KAZAN,RUSSIA-2,10-Jun-2008,D,807.1,128,2008,895845,exact
51,INTL_SKATERS,"KNIGHTS, THEODOR",MODO JR.,SWEDEN-JR.,16-Apr-2008,D,803.1,128,2008,974093,exact
52,INTL_SKATERS,"KOTKOV, MATVEI",YAROSLAVL JR.,RUSSIA-JR.,27-Aug-2008,RW,799.2,128,2008,895862,exact
53,INTL_SKATERS,"MOROZOV, ALEXANDER",TOGLIATTI JR.,RUSSIA-JR.,14-Jul-2008,D,795.3,128,2008,896168,exact
54,INTL_SKATERS,"FLORIS, JAKUB",LUKKO JR.,FINLAND-JR.,19-Feb-2008,D,791.3,128,2008,873343,exact
55,INTL_SKATERS,"MATYUK, ARTYOM",NIZHNY NOVGOROD JR.,RUSSIA-JR.,02-Nov-2007,C,787.4,128,2007,995534,exact
56,INTL_SKATERS,"JOSBRANT, MANS",LULEA JR.,SWEDEN-JR.,23-Apr-2008,LW,783.5,128,2008,967828,fuzzy_92
57,INTL_SKATERS,"LAATIKAINEN, MAX",K-ESPOO JR.,FINLAND-JR.,14-Sep-2008,D,779.5,128,2008,1008854,exact
58,INTL_SKATERS,"TSYPLAKOV, GLEB",KHANTY-MANSIYSK JR.,RUSSIA-JR.,14-Jul-2008,LW,775.6,128,2008,1051640,exact
59,INTL_SKATERS,"LARSSON, MELWIN",BRYNAS JR.,SWEDEN-JR.,16-Nov-2007,LW,771.7,128,2007,869573,exact
60,INTL_SKATERS,"BRABENEC, JAN",BRNO JR.,CZECHIA-JR.,02-Oct-2007,C,767.7,128,2007,902022,exact
61,INTL_SKATERS,"RYABYKIN, ELISEI",DYNAMO MOSCOW JR.,RUSSIA-JR.,08-Jul-2008,D,763.8,128,2008,895805,fuzzy_96
62,INTL_SKATERS,"BRONGEL-LARSSON, AXEL",FROLUNDA JR.,SWEDEN-JR.,01-Nov-2007,D,759.8,128,2007,876955,fuzzy_95
63,INTL_SKATERS,"KALIMULLIN, ADEL",IRBIS KAZAN,RUSSIA-JR.,12-Apr-2008,RW,755.9,128,2008,896183,exact
64,INTL_SKATERS,"KARSAY, SAMUEL",TRENCIN JR.,SLOVAKIA-JR.,12-Mar-2008,RW,752.0,128,2008,897794,exact
65,INTL_SKATERS,"GASTRIN, MALCOM",MODO JR.,SWEDEN-JR.,19-Aug-2008,LW,748.0,128,2008,876026,fuzzy_92
66,INTL_SKATERS,"CARELL, FELIX",MALMO,SWEDEN,09-May-2006,D,744.1,128,2006,884420,fuzzy_85
67,INTL_SKATERS,"JAKUBEC, MICHAL",TRENCIN JR.,SLOVAKIA-JR.,14-Jul-2008,C,740.2,128,2008,958730,exact
68,INTL_SKATERS,"SJOSTROM, OLIWER",BJORKLOVEN,SWEDEN-2,08-Apr-2007,D,736.2,128,2007,689899,fuzzy_86
69,INTL_SKATERS,"GALVAS, TOMAS",LIBEREC,CZECHIA,11-Feb-2006,D,732.3,128,2006,805998,fuzzy_85
70,INTL_SKATERS,"BOUVARD, FABRICE",GCK ZURICH JR.,SWISS-JR.,06-Jun-2008,C,728.3,128,2008,956919,exact
71,INTL_SKATERS,"PUFR, ANTONIN",LIBEREC JR.,CZECHIA-JR.,25-Jul-2008,D,724.4,128,2008,979938,fuzzy_91
72,INTL_SKATERS,"TARVAINEN, JOEL",KALPA JR.,FINLAND-JR.,06-Apr-2008,D,720.5,128,2008,1032260,exact
73,INTL_SKATERS,"NICOLAYSEN, HENRY",SODERTALJE JR.,SWEDEN-JR.,16-Feb-2008,D,716.5,128,2008,1010883,exact
74,INTL_SKATERS,"TUUVA, LEO",LUKKO,FINLAND,02-Aug-2006,RW,712.6,128,2006,882079,fuzzy_85
75,INTL_SKATERS,"CERMAK, TOMAS",MLADA BOLESLAV JR.,CZECHIA-JR.,29-Jun-2008,D,708.7,128,2008,937102,exact
76,INTL_SKATERS,"USTINKOV, DANIIL",GCK ZURICH,SWISS-2,26-Aug-2006,D,704.7,128,2006,1087292,fuzzy_90
77,INTL_SKATERS,"VAROSYAN, RAFIK",VLADIVOSTOK JR.,RUSSIA-JR.,01-Oct-2007,LW,700.8,128,2007,901409,exact
78,INTL_SKATERS,"DENISOV, PAVEL",OMSK JR.,RUSSIA-JR.,31-Aug-2008,D,696.9,128,2008,895811,exact
79,INTL_SKATERS,"HEDQVIST, ISAC",LULEA,SWEDEN,22-Mar-2005,C,692.9,128,2005,958218,fuzzy_85
80,INTL_SKATERS,"DANIELSSON, LIAM",OREBRO,SWEDEN,05-Aug-2006,RW,689.0,128,2006,1122034,fuzzy_100
81,INTL_SKATERS,"SIMONOV, SEMYON",BARYS ASTANA,RUSSIA,17-Jun-2005,RW,685.0,128,2005,1059650,fuzzy_89
82,INTL_SKATERS,"SOMERVUORI, JERE",HIFK,FINLAND,10-Aug-2007,LW,681.1,128,2007,872107,exact
83,INTL_SKATERS,"BUZAEV, KIRILL",IRBIS KAZAN,RUSSIA-JR.,08-Sep-2008,LW,677.2,128,2008,1017843,fuzzy_96
84,INTL_SKATERS,"SVENSK, VERTTI",SAIPA JR.,FINLAND-JR.,09-Nov-2007,D,673.2,128,2007,872901,exact
85,INTL_SKATERS,"BYKOV, ANDREI",SPARTAK JR.,RUSSIA-JR.,25-Dec-2007,C,669.3,128,2007,1031314,exact
86,INTL_SKATERS,"URONEN, ANTTONI",HIFK,FINLAND,24-Jun-2008,C,665.4,128,2008,959439,exact
87,INTL_SKATERS,"TUZIN, TSIMAFEI",LULEA JR.,SWEDEN-JR.,11-Oct-2007,LW,661.4,128,2007,885802,fuzzy_85
88,INTL_SKATERS,"WAHLROOS, OLLI",TPS JR.,FINLAND-JR.,15-Feb-2008,LW,657.5,128,2008,944589,exact
89,INTL_SKATERS,"ZMRHAL, DAVID",JIHLAVA JR.,CZECHIA-JR.,18-May-2008,D,653.5,128,2008,917754,exact
90,INTL_SKATERS,"GROMAKOV, NIKITA",DYNAMO ST. PETERSBURG JR.,RUSSIA-JR.,06-Jan-2008,RW,649.6,128,2008,895820,exact
91,INTL_SKATERS,"JUNTUNEN, OIVA",KOOKOO JR.,FINLAND-JR.,07-Aug-2008,LW,645.7,128,2008,924653,exact
92,INTL_SKATERS,"SODERBERG, LUDVIG",SODERTALJE JR.,SWEDEN-JR.,27-Nov-2007,D,641.7,128,2007,867108,fuzzy_93
93,INTL_SKATERS,"JUUSTOVAARA, CASPER",LULEA,SWEDEN,25-Oct-2007,C,637.8,128,2007,874949,fuzzy_90
94,INTL_SKATERS,"KUBIESA, MATEJ",TRINEC,CZECHIA,11-Sep-2006,RW,633.9,128,2006,1176774,fuzzy_86
95,INTL_SKATERS,"CILTHE, HJALMAR",FROLUNDA JR.,SWEDEN-JR.,10-Mar-2008,D,629.9,128,2008,907208,exact
96,INTL_SKATERS,"KHABAROV, MIKHAIL",KHANTY-MANSIYSK JR.,RUSSIA-JR.,28-Dec-2007,D,626.0,128,2007,836661,exact
97,INTL_SKATERS,"HOLEJSOVSKY, JOSEF",SLAVIA JR.,CZECHIA-JR.,24-May-2008,RW,622.0,128,2008,927841,exact
98,INTL_SKATERS,"KALLIO, WILMER",TPS JR.,FINLAND-JR.,14-Jan-2008,RW,618.1,128,2008,944586,exact
99,INTL_SKATERS,"BRATT, ZIGGE",FROLUNDA JR.,SWEDEN-JR.,13-May-2008,D,614.2,128,2008,920831,exact
100,INTL_SKATERS,"PATRIKHAYEV, IVAN",CSKA,RUSSIA,03-Feb-2006,D,610.2,128,2006,1017230,fuzzy_85
101,INTL_SKATERS,"URONEN, EELIS",HIFK JR.,FINLAND-JR.,24-Jun-2008,LW,606.3,128,2008,959433,exact
102,INTL_SKATERS,"ANDERBERG, MORGAN",VAXJO,SWEDEN,27-Oct-2007,C,602.4,128,2007,855448,exact
103,INTL_SKATERS,"VAANANEN, VILMERI",JOKERIT JR.,FINLAND-JR.,13-Aug-2008,D,598.4,128,2008,977022,fuzzy_81
104,INTL_SKATERS,"LAMAN, ROMAN",OMSK JR.,RUSSIA-JR.,30-Jan-2008,C,594.5,128,2008,983923,exact
105,INTL_SKATERS,"MATTA, IVAN",MICHALOVCE,SLOVAKIA,11-Jan-2008,C,590.6,128,2008,875244,exact
106,INTL_SKATERS,"NOMME, ADAM",FROLUNDA JR.,SWEDEN-JR.,21-Jan-2008,RW,586.6,128,2008,800522,fuzzy_90
107,INTL_SKATERS,"SYSOYEV, DANIL",MAGNITOGORSK JR.,RUSSIA-JR.,09-Dec-2007,C,582.7,128,2007,901363,exact
108,INTL_SKATERS,"RASANEN, VEETI",JOKERIT JR.,FINLAND-JR.,26-Aug-2006,LW,578.7,128,2006,962325,fuzzy_85
109,INTL_SKATERS,"KUBIN, VOJTECH",BRNO JR.,CZECHIA-JR.,11-Jan-2008,C,574.8,128,2008,917730,exact
110,INTL_SKATERS,"ROING, RASMUS",FARJESTAD JR.,SWEDEN-JR.,17-Feb-2008,C,570.9,128,2008,869580,fuzzy_91
111,INTL_SKATERS,"SVANCAR, VOJTECH",SLAVIA JR.,CZECHIA-JR.,12-May-2008,LW,566.9,128,2008,977170,exact
112,INTL_SKATERS,"PARSSINEN, JESSE",TPS,FINLAND,15-Oct-2007,C,563.0,128,2007,925310,fuzzy_93
113,INTL_SKATERS,"VATJUS, MIKO",LUKKO JR.,FINLAND-JR.,02-Jul-2008,C,559.1,128,2008,962238,exact
114,INTL_SKATERS,"PAUL, DOUGLAS",LINKOPING JR.,SWEDEN-JR.,11-Jul-2008,C,555.1,128,2008,919780,exact
115,INTL_SKATERS,"MELNIKOV, YAN",NIZHNY NOVGOROD JR.,RUSSIA-JR.,16-Sep-2007,RW,551.2,128,2007,836676,exact
116,INTL_SKATERS,"CERNAK, RODERIK",BRATISLAVA JR.,SLOVAKIA-JR.,19-Mar-2008,D,547.2,128,2008,958706,exact
117,INTL_SKATERS,"SUTTER, KIMI",GCK ZURICH JR.,SWISS-JR.,10-Apr-2008,RW,543.3,128,2008,937151,exact
118,INTL_SKATERS,"KIM, MIKAEL",ROGLE JR.,SWEDEN-JR.,08-Aug-2008,C,539.4,128,2008,946883,exact
119,INTL_SKATERS,"KOSSILA, TINO",JOKERIT JR.,FINLAND-JR.,13-Feb-2008,RW,535.4,128,2008,925166,exact
120,INTL_SKATERS,"ANTONOV, YAROSLAV",IRBIS KAZAN,RUSSIA-JR.,30-Dec-2007,RW,531.5,128,2007,995649,exact
121,INTL_SKATERS,"ONDREJCAK, MICHAL",SLOVAKIA U18 (SVK-2),SLOVAKIA-2,26-May-2008,LW,527.6,128,2008,876844,exact
122,INTL_SKATERS,"ILYIN, ARSENI",SPARTAK JR.,RUSSIA-JR.,24-Dec-2007,LW,523.6,128,2007,836583,exact
123,INTL_SKATERS,"SIDOROV, PAVEL",CSKA JR.,RUSSIA-JR.,04-Apr-2008,RW,519.7,128,2008,1076775,exact
124,INTL_SKATERS,"SZAROWSKI, ONDREJ",VITKOVICE JR.,CZECHIA-JR.,02-Jan-2008,D,515.7,128,2008,945024,exact
125,INTL_SKATERS,"OBUSEK, ADAM",TRENCIN JR.,SLOVAKIA-JR.,06-Feb-2008,C,511.8,128,2008,874080,exact
126,INTL_SKATERS,"KOVALENKO, ALEKSANDR",CHELYABINSK JR.,RUSSIA-JR.,12-Oct-2007,D,507.9,128,2007,1003126,fuzzy_94
127,INTL_SKATERS,"CERNY, VOJTECH",SPARTA JR.,CZECHIA-JR.,31-Jan-2008,D,503.9,128,2008,980642,exact
128,INTL_SKATERS,"FOGELNEST, MARK",UFA JR.,RUSSIA-JR.,03-Jul-2008,LW,500.0,128,2008,896179,exact
1,INTL_GOALIES,"BORICHEV, DMITRI",LOKO-76 YAROSLAVL,RUSSIA-JR.,19-Jun-2008,G,1000.0,20,2008,895834,exact
2,INTL_GOALIES,"RYBKIN, YEGOR",NIZHNY NOVGOROD JR.,RUSSIA-JR.,03-Dec-2007,G,973.7,20,2007,836548,exact
3,INTL_GOALIES,"LINDBERG NILSSON, DOUGLAS",FARJESTAD JR.,SWEDEN-JR.,28-Mar-2008,G,947.4,20,2008,905354,exact
4,INTL_GOALIES,"TAMM, VIGGO",LEKSAND JR.,SWEDEN-JR.,04-Jun-2008,G,921.1,20,2008,964660,exact
5,INTL_GOALIES,"POLETIN, FRANTISEK",PELICANS JR.,FINLAND-JR.,13-Sep-2008,G,894.7,20,2008,956270,exact
6,INTL_GOALIES,"KARBAINOV, MATVEY",SKA-ACADEMY ST. PETERSBURG,RUSSIA-JR.,06-Nov-2007,G,868.4,20,2007,901294,fuzzy_93
7,INTL_GOALIES,"VERMIROVSKY, DAVID",PARDUBICE JR.,CZECHIA-JR.,25-Jul-2008,G,842.1,20,2008,982457,exact
8,INTL_GOALIES,"IVCHENKO, DMITRI",OMSK JR.,RUSSIA-JR.,29-Jun-2008,G,815.8,20,2008,896136,exact
9,INTL_GOALIES,"CHARVAT, SEBASTIAN",LIBEREC JR.,CZECHIA-JR.,31-Jan-2008,G,789.5,20,2008,937110,fuzzy_94
10,INTL_GOALIES,"HRENAK, SAMUEL",TRENCIN JR.,SLOVAKIA-JR.,19-Mar-2008,G,763.2,20,2008,873736,exact
11,INTL_GOALIES,"GAMMALS, WILLIAM",TAPPARA JR.,FINLAND-JR.,12-Feb-2008,G,736.8,20,2008,892430,exact
12,INTL_GOALIES,"SELIVANOV, VLADIMIR",DYNAMO MOSCOW JR.,RUSSIA-JR.,25-Jul-2008,G,710.5,20,2008,895797,exact
13,INTL_GOALIES,"TJARNLUND, MILO",ROGLE JR.,SWEDEN-JR.,17-Mar-2008,G,684.2,20,2008,795291,fuzzy_92
14,INTL_GOALIES,"POVAROV, MIKHAIL",UFA JR.,RUSSIA-JR.,10-Jan-2008,G,657.9,20,2008,896002,exact
15,INTL_GOALIES,"KERKOLA, PATRIK",KALPA,FINLAND,29-Mar-2007,G,631.6,20,2007,873019,exact
16,INTL_GOALIES,"PLUMINS, PATRIKS",ZEMGALE,LATVIA,07-Jan-2008,G,605.3,20,2008,999861,exact
17,INTL_GOALIES,"PSOHLAVEC, MARTIN",KARLOVY VARY JR.,CZECHIA-JR.,06-May-2008,G,578.9,20,2008,878982,exact
18,INTL_GOALIES,"RIIHIMAKI, AARNI",JYP JR.,FINLAND-JR.,28-Jun-2008,G,552.6,20,2008,925079,fuzzy_93
19,INTL_GOALIES,"AINASTO, JUUSO",JOKERIT JR.,FINLAND-JR.,17-Mar-2008,G,526.3,20,2008,925170,exact
20,INTL_GOALIES,"STENGARD, GUSTAV",VASTERAS JR.,SWEDEN-JR.,03-Aug-2008,G,500.0,20,2008,1011384,fuzzy_93
